City,Popularity
Independence,100
Manhattan Beach,80
Dana Point,76
Santa Monica,71
Ewa Villages,68
Redondo Beach,64
Agoura Hills,63
Culver City,62
Golf,61
Albany,60
Cotati,60
Cascade-Fairwood,59
Kings Point,59
Leander,59
Georgetown,59
Emeryville,59
Englewood,58
Malibu,58
Encinitas,58
Diamond Bar,58
Newport Beach,58
Aliso Viejo,57
Saratoga,57
Fairfax Station,57
Sammamish,55
San Clemente,55
Jupiter,54
Fort Lee,53
Brambleton,52
Manalapan Township,52
Johns Creek,51
Spring Hill,51
North New Hyde Park,51
West Lake Hills,51
West Bloomfield Township,50
West Hollywood,50
Yorba Linda,50
Mission Viejo,50
Costa Mesa,50
Lake Butler,49
Los Altos,49
Milton,49
Rosemead,49
North Decatur,48
Walpole,48
Shoreline,48
Chino Hills,48
Rocklin,48
Cerritos,47
Carson,47
Potomac Falls,47
Wesley Chapel,47
Westwood,46
Brentwood,46
Taylor,46
Winchester,46
Coloma,46
Hudson,46
Felton,46
San Mateo,46
Freehold Township,46
Alhambra,46
Belmont,46
Medford,45
La Mesa,45
La Habra,45
Wall Township,45
Issaquah,45
Madison,45
Springfield Township,44
Rohnert Park,44
Coachella,44
Oceanside,44
Holmdel,44
Glendale,44
Ramona,44
Citrus Heights,43
Katy,43
Wellington,43
Walnut,43
Monrovia,43
North Bethesda,43
Lake Forest,42
Santa Clarita,42
Lake Oswego,42
Old Bridge Township,42
Verona,42
Denville,42
Plymouth,42
Broomfield,42
Acworth,42
Bozeman,41
Palmyra,41
Weymouth,41
Campbell,41
Rowlett,41
Haverhill,40
Odenton,40
Newark,40
West Sacramento,40
East Los Angeles,40
Middletown,40
Medford,40
Campton Hills,40
Atascadero,39
Maplewood,39
Villas,39
Commack,39
Glendora,39
Baldwin Park,39
Clovis,39
Mountain House,38
Northampton,38
Secaucus,38
Skokie,38
Hawthorne,38
Wade Hampton,38
Salem,38
Wheaton-Glenmont,38
Chino,38
Gresham Park,38
Maple Grove,37
Leawood,37
West Covina,37
Avon,37
Rockwall,36
Redlands,36
Farmers Branch,36
East Haven,36
Mableton,36
Queen Creek,36
Bellmore,36
Meridian charter Township,36
Bellflower,36
Oakton,35
Corona,35
Chantilly,35
Sparta Township,35
Hopewell Township,34
North Attleborough,34
Upland,34
Sunrise,34
Trinity,34
Riverview,34
Bolingbrook,34
Marana,33
Commerce City,33
Homewood,33
Ewing Township,33
Carol Stream,33
West Orange,33
Dunedin,33
El Cajon,33
Azalea Park,33
Edmond,33
Merrimack,32
Walterhill,32
Lake Ronkonkoma,32
Wauwatosa,32
Wallingford,32
Franklin Township,32
Andover,32
Maitland,31
Pueblo,31
Bala Cynwyd,31
Winter Park,31
Bedford,31
Boerne,30
Yuba City,30
South Gate,30
Tuckahoe,30
Yucaipa,29
Exton,29
Fort Riley,29
Burlington,29
Lawrenceville,29
Ypsilanti Charter Township,29
Belfair,28
Town 'n' Country,28
Towson,26
Winchester,26
Cheektowaga,26
Goose Creek,25
Largo,25
Blountville,25
Lawrence Township,24
Lakewood,24
New Bedford,22
La Crosse,18
Lewiston,17
